{"cameraMode":{"drawMode":0,"name":"Shaded","section":"Shading Mode"},"sceneLighting":true,"audioPlay":false,"sceneViewState":{"showFog":true,"showMaterialUpdate":false,"showSkybox":true,"showFlares":true,"showImageEffects":true,"showParticleSystems":true},"in2DMode":false,"pivot":{"x":-29.059999465942384,"y":29.406129837036134,"z":29.154977798461915},"rotation":{"x":0.0429995134472847,"y":-0.9404279589653015,"z":0.3114616274833679,"w":0.13006798923015595},"size":13.656455039978028,"orthographic":false}