{"cameraMode":{"drawMode":0,"name":"Shaded","section":"Shading Mode"},"sceneLighting":true,"audioPlay":false,"sceneViewState":{"showFog":true,"showMaterialUpdate":false,"showSkybox":true,"showFlares":true,"showImageEffects":true,"showParticleSystems":true},"in2DMode":false,"pivot":{"x":-53.94765853881836,"y":27.36385726928711,"z":53.874114990234378},"rotation":{"x":0.25531071424484255,"y":-0.5130771398544312,"z":0.1631317138671875,"w":0.803122341632843},"size":59.9170036315918,"orthographic":false}