{"cameraMode":{"drawMode":0,"name":"Shaded","section":"Shading Mode"},"sceneLighting":true,"audioPlay":false,"sceneViewState":{"showFog":true,"showMaterialUpdate":false,"showSkybox":true,"showFlares":true,"showImageEffects":true,"showParticleSystems":true},"in2DMode":false,"pivot":{"x":-44.6703987121582,"y":19.526527404785158,"z":49.72187423706055},"rotation":{"x":0.3566721975803375,"y":0.025838952511548997,"z":-0.009740001522004605,"w":0.9339183568954468},"size":62.121986389160159,"orthographic":false}