{"cameraMode":{"drawMode":0,"name":"Shaded","section":"Shading Mode"},"sceneLighting":true,"audioPlay":false,"sceneViewState":{"showFog":true,"showMaterialUpdate":false,"showSkybox":true,"showFlares":true,"showImageEffects":true,"showParticleSystems":true},"in2DMode":false,"pivot":{"x":-49.44839096069336,"y":26.350610733032228,"z":52.03614807128906},"rotation":{"x":-0.38879314064979555,"y":0.4460640847682953,"z":-0.22402732074260713,"w":-0.7744500041007996},"size":35.915863037109378,"orthographic":false}