{"cameraMode":{"drawMode":0,"name":"Shaded","section":"Shading Mode"},"sceneLighting":true,"audioPlay":false,"sceneViewState":{"showFog":true,"showMaterialUpdate":false,"showSkybox":true,"showFlares":true,"showImageEffects":true,"showParticleSystems":true},"in2DMode":false,"pivot":{"x":-18.55834197998047,"y":0.2701285779476166,"z":20.943391799926759},"rotation":{"x":0.028148004785180093,"y":0.9391469955444336,"z":-0.3330651521682739,"w":0.07935848087072373},"size":52.06230926513672,"orthographic":false}