{"cameraMode":{"drawMode":0,"name":"Shaded","section":"Shading Mode"},"sceneLighting":true,"audioPlay":false,"sceneViewState":{"showFog":true,"showMaterialUpdate":false,"showSkybox":true,"showFlares":true,"showImageEffects":true,"showParticleSystems":true},"in2DMode":false,"pivot":{"x":-47.656864166259769,"y":32.05080032348633,"z":38.34172439575195},"rotation":{"x":-0.235433891415596,"y":0.0957610011100769,"z":-0.02328285574913025,"w":-0.9670402407646179},"size":6.328365325927734,"orthographic":false}