{"cameraMode":{"drawMode":0,"name":"Shaded","section":"Shading Mode"},"sceneLighting":true,"audioPlay":false,"sceneViewState":{"showFog":true,"showMaterialUpdate":false,"showSkybox":true,"showFlares":true,"showImageEffects":true,"showParticleSystems":true},"in2DMode":false,"pivot":{"x":-57.36614990234375,"y":27.960996627807618,"z":49.28181457519531},"rotation":{"x":0.12444227933883667,"y":-0.7274512648582459,"z":0.13723279535770417,"w":0.6608195304870606},"size":3.5789589881896974,"orthographic":false}